algorithm,seed,mse,time_s,M,sigma,lambda
rbf_baseline,0,0.13234395506839183,0.0,10,1.0,0.001
ssa_rbf,0,0.1475355306915809,18.801369428634644,34,1.103863019557153,1e-05
rbf_baseline,1,0.2696275508824764,0.008069992065429688,10,1.0,0.001
ssa_rbf,1,0.27675384453203206,7.327270269393921,9,1.9892263057016408,4.028920293640837e-05
rbf_baseline,2,0.14030905794066775,0.0915377140045166,10,1.0,0.001
ssa_rbf,2,0.14479254757774143,17.819273710250854,40,0.7983760889772545,0.00020771244446433513
rbf_baseline,3,0.21448124338555674,0.034718990325927734,10,1.0,0.001
ssa_rbf,3,0.1781458202377524,22.862308979034424,36,0.7557691458980548,0.0001230214653613544
rbf_baseline,4,0.3378147678616238,0.010137796401977539,10,1.0,0.001
ssa_rbf,4,0.40539358857042807,19.40844202041626,21,0.6195608021660779,1.7909058511764526e-05
rbf_baseline,5,0.19766467747560468,0.05105876922607422,10,1.0,0.001
ssa_rbf,5,0.18938570378734657,30.69524121284485,34,0.8471262941052096,2.4192087183284712e-05
rbf_baseline,6,0.15276915951579662,0.03323101997375488,10,1.0,0.001
ssa_rbf,6,0.23382039649056138,16.47122097015381,4,9.27756905905672,0.009212789829234519
rbf_baseline,7,0.36655558624116263,0.019998788833618164,10,1.0,0.001
ssa_rbf,7,0.4857485480224357,28.769909858703613,33,0.38277294745006335,1e-05
rbf_baseline,8,0.2293531699653342,0.008999109268188477,10,1.0,0.001
ssa_rbf,8,0.16702435785727038,24.65633511543274,11,1.6797191770322635,7.96821874172701e-05
rbf_baseline,9,0.20643672884209494,0.02246570587158203,10,1.0,0.001
ssa_rbf,9,0.20721725762036128,20.648892402648926,22,0.6126650258998627,0.2840853041711557
